chain,pair,sym0,sym1,usd,reason
fantom,0xc12a874065b52926f89f29253744c15bc37eaf0b,WFTM,eFDEX,7577.268579900252,holds < $10k
bsc,0x3f3b8b3dd84135a61b816e31eadd20374eba4834,WBNB,ADAFlect,7010.676737151458,holds < $10k
ethereum,0x022d0c35598f4ec5ce30e5bb23c31959e93412e1,EMTI,WETH,5286.738269102135,holds < $10k
polygon,0x6d0d97fe6c323e5b3248ceb356dbf74708c2d8be,WPOL,PDEX,4596.76638390305,holds < $10k
avax,0x81722774c920dbcd4548aa6d18652f07a971cbae,OcDa,WAVAX,1922.8302013270818,holds < $10k
bsc,0x424ee77418c492b9861a3796402ffb22136a5863,bPRISM,WBNB,1680.2635581724471,holds < $10k
cronos,0x357375b96c37afefc1fe1e9a37c2ecafa7b74dac,WCRO,USDC,1534.5455660280154,holds < $10k
cronos,0xfc90d4ddcb7faf538bfd29e4dd7141c04fc3eb32,WCRO,SHID,1349.8097865919535,holds < $10k
ethereum,0x9de898825f7f851694e4c93d7f233b35787c99a7,WETH,MIYAZAKI,1296.6601841162314,holds < $10k
bsc,0xb1ba397a2d3a84436c5cbbdfa6bb6d78812e62af,YY,WBNB,1218.831707069451,holds < $10k
cronos,0x08a63716cdbd618aa4b2ac98449bc0357806996f,TENDIES,WCRO,1125.733723051808,holds < $10k
cronos,0xdc6e9dbba4e661636486549100fc0fda3930264e,WCRO,CROVID,898.8244495927324,holds < $10k
bsc,0x15443197c97009737e8e9fe3eac321affcba65c1,WBNB,BUSD,814.8351288144949,holds < $10k
ethereum,0x8380f233ff5553f536d9e204de735ba8ca10e556,DAI,WETH,646.2207505481693,holds < $10k
xdai,0x42fcf0a122933efd67ca35c8aef91e7609ad8562,xPRISM,WXDAI,416.1716317756861,holds < $10k
bsc,0x05e68a71a489bb96de3b7da7440ece8d0a326853,WBNB,DOLPH,294.3914871653648,holds < $10k
bsc,0x0f0b45f680b49408649d42f6ac887469169ec97e,RELOAD,WBNB,292.2262107703895,holds < $10k
avax,0x09e7bff9efe20471c79e8acaadc9713a43788330,aPRISM,WAVAX,266.16898482071934,holds < $10k
bsc,0xb1326f3c4eb110d46871bcffc5aade7a6454cd37,BTCB,BUSD,244.95815159388974,holds < $10k
bsc,0x0d3e6df10d88ba11b738dc41290a4829505d8c37,ADMC,WBNB,214.45282994283158,holds < $10k
bsc,0xec08e44232d7385472b4e1d374dea7d7b780d5dc,USDT,BUSD,124.66024063598688,holds < $10k
ethereum,0x84874b8be9966839f95fa6c343b0fa5dcfc94096,WETH,PRISM,119.17445122790967,holds < $10k
fantom,0x2703f8eb09b1d6d3dc5727329e8f17e58146b49b,USDC,WFTM,113.53515109900252,holds < $10k
bsc,0xe518e01583783b9f240fa02ff451726f13c63381,USDC,BUSD,102.08399941124523,holds < $10k
polygon,0x733cc311ebae030ee877c9ea6eccfbf659c142aa,WPOL,pPRISM,81.61973855794285,holds < $10k
cronos,0x3fecec41c91c87fa15ca1c43ecb3f5488dc8e264,CROCRO,WCRO,61.61763904829406,holds < $10k
fantom,0xadf91b184608e6915fa892fa979604e440352bcd,WFTM,fPRISM,53.72999736682207,holds < $10k
bsc,0x6a38723e0acb329c887ed9f180d0e3913aef4ddc,USDT,WBNB,50.60216202761619,holds < $10k
kava,0x0a62c64fe8814fa0ded634b3e02bfb43c5acd273,eUSDC,WKAVA,36.28205894333638,holds < $10k
xdai,0xc63c796fa1da50ca5a2c90ca144469fff1140e45,USDC,WXDAI,22.98413261090156,holds < $10k
bsc,0x8175a6c23009b31cb46a7bcdd9c13a300da2cd95,BTCB,WBNB,21.447227861293328,holds < $10k
polygon,0x460629717f18bdf5354f3925d98153a48ad13b94,WPOL,EMPIRE,17.355075587990886,holds < $10k
bsc,0x571073e1ffcd0879fafa34167a0490ebf9594b52,ETH,WBNB,16.781131735723,holds < $10k
bsc,0xc1616531a122171f13678445d682942fd77d39ab,FF,WBNB,13.515462248130515,holds < $10k
bsc,0x05f291f0b4b3a9b53bb4cd99984802bd75593771,WBNB,MetaBC,12.521439132683616,holds < $10k
bsc,0xc9cabe140ccb1c2d0daaacf9466e19b288b3606e,WBNB,COG,12.027445051819265,holds < $10k
bsc,0x7993d6dccd29d9ddd03c8e6a32791055106ad9b3,ETH,BUSD,9.79239174024012,holds < $10k
cronos,0xcfcd17631a06816c2925e74bcb766ceac642bf82,WCRO,WETH,9.568049559492742,holds < $10k
fantom,0xaadaa2844921ecbb1f74c2900fbc383dbfb493c8,WFTM,ETH,7.834389332162014,holds < $10k
avax,0x63a8d40d4c677cde46eecf954ea4eb4359e695ef,USDC.e,WAVAX,3.1911566744450166,holds < $10k
cronos,0x507826e30aef1034bad2ef927f56a941f5f8b9bc,upCRO,USDC,2.6106547416590367,holds < $10k
polygon,0xb988bf9071697f233d1e9efe3927b641237d247e,WPOL,USDC,2.5535134225852034,holds < $10k
fantom,0x953026527b56a4975329e6207774fee676aa74da,WFTM,BTC,2.542911599385848,holds < $10k
cronos,0x9e3e2024bdf4873065010e14c9f1e47a114bd4ba,WCRO,croPRISM,2.4214898976626285,holds < $10k
bsc,0xf6620ed2dca67a86bf568c89e3e0dd6643316cc7,aa,WBNB,1.2176092115432895,holds < $10k
polygon,0x50861243902c2eb07b8028c41f4455f5eb3d13ff,WPOL,cMATICalpha,1.0619181204104997,holds < $10k
cronos,0x8189e7852d79543e8510262bcee63aa8db768529,WCRO,SPLNTYDEV,1.0030911537989402,holds < $10k
cronos,0xb1b7031a16c877e1469d6e207978f0936d66bea2,WCRO,raca,0.95948587737435,holds < $10k
cronos,0xffa2d2e9551138c21e9e5ac382a9ae6169da8c27,WCRO,r1,0.8777993198069377,holds < $10k
cronos,0x44633ecb203f3873ef2c60b81fd47f7de801edff,WCRO,cHIBIKI,0.7609140711593956,holds < $10k
cronos,0xf44c704c289a4ca301fbb49e44a3e28dbd3b6c4f,WCRO,BRIAR,0.699427301354574,holds < $10k
fantom,0xbd1385c6105b7568bbfa72f772617346b5dd5864,WFTM,EMPIRE_FTM,0.5701181918822548,holds < $10k
cronos,0x5dbc29561e758226b811ef6fe9aa4fa70e5438cf,WCRO,WASP,0.3985049359417533,holds < $10k
cronos,0x28bbe58f4341a81bfc72d89850d2a81d265d99f4,WCRO,MOON,0.3514949311233563,holds < $10k
cronos,0xb8f6e8b9d3f5d1a050ed91ee2c8a9f7260893e03,DOGE,WCRO,0.2846047826951685,holds < $10k
bsc,0x90aa71019c56230b5f935b59d9887a90f3cb089a,upBNB,WBNB,0.2500815285144725,holds < $10k
xdai,0x0e6de8a5d63374243c31e43f15261f09246f6612,testXD,WXDAI,0.21763889679363477,holds < $10k
fantom,0xd87e886448d78c6598863bc0cf3441f66f8d53ec,WFTM,M,0.17053269669391133,holds < $10k
cronos,0xd082c7cab24990643ea1936a14e67b3c9c456367,SHIB,WCRO,0.11623404337637223,holds < $10k
cronos,0xb2ca3b71fa4581f2513c1ec54f4bc201cd0cb6bb,WCRO,test,0.08395022827331028,holds < $10k
bsc,0x6385e69bdf21d0033aecbe63e0c5729ba03275b4,Cake,WBNB,0.07765178293351718,holds < $10k
cronos,0x4f78c644ff2e3a2da62a469b70bab7c734fc7c26,WCRO,HOBBS,0.07639218767634935,holds < $10k
xdai,0xabb34a8632c75a7e436f1c2534caa9c7f0ac8b44,xPRISM,USDC,0.07584076384453005,holds < $10k
fantom,0xc644d16d607b921ed12b2fe2f22e7cfadc3e0742,fUSDT,WFTM,0.06995688509764846,holds < $10k
cronos,0xca419ad965710a73e68a7a8ca3e0c4cb61e1597b,CROSHIBA,WCRO,0.05609834502546311,holds < $10k
cronos,0xfee2fc28b967d02008088ea21f6030a2021116cc,WCRO,EMP-LP,0.053781584647169235,holds < $10k
polygon,0x34269d49a6bb7ab941f82ce84df623d11a7b789e,WPOL,testPDEX,0.013392075343595232,holds < $10k
avax,0x502be733baad680045b867e5b521b15c141ba690,testADEX,WAVAX,0.011371079049514007,holds < $10k
cronos,0xa7bf970f13dd410cb250ea080ce9a4387a78e948,WCRO,DxP,0.010696515068090409,holds < $10k
cronos,0x62d34dacb7acb4071579c3e9f6dae3cce4d49899,WCRO,CROPEPE,0.010570695810919196,holds < $10k
cronos,0x3647d58d7ab7da3673646c09a987c3c7c438d1c0,VVS,WCRO,0.009530916985578168,holds < $10k
cronos,0x822e7bf96f249714347e8ddcb4d4d052c4a3fb5e,WCRO,test,0.00837831646430121,holds < $10k
fantom,0x2711b360898e09cc16ad1f0edfb73335dadd1079,WFTM,TAROT,0.006455664620244567,holds < $10k
bsc,0x853234fc2b9dad5cf404e82bd8c98422f9cedba5,DAF,WBNB,0.003798993379371395,holds < $10k
cronos,0x2aa48abd0fc38a359d341ac6d368b932965e8073,WCRO,BELLE,0.003156033527006505,holds < $10k
kava,0xd5d6f994c2e0a11d548231c155a55b70d6a5d6ca,t9,WKAVA,0.0017010429497745028,holds < $10k
cronos,0x7ce2d23140ae8e32094be68ce8390a1afc87fbf1,test2,WCRO,0.0011408128995478517,holds < $10k
cronos,0x3c000093957b2d5400c78881d31478ab3582dd9e,WCRO,CRODEX,0.000976576668194877,holds < $10k
cronos,0xe6f561a2516874e1fef9badd132d53f30f8d5947,WCRO,test2,0.000932780314147892,holds < $10k
cronos,0x803fe2636fa53cefd5e047b2e419607b62133656,JN,WCRO,0.00044897316310252153,holds < $10k
cronos,0x5d27f80e19cc1426832eb5a837685c9e8acaa3e4,Swapp,WCRO,0.00029707576457797764,holds < $10k
bsc,0x9ac9e607f479471c960f3a8b74a244dd4a8e5753,USDT,ETA,0.00015083877834765497,holds < $10k
fantom,0xe2e1ed606597d70801f54317adad84e92294918b,WFTM,fEDEX,5.07925532264927e-05,holds < $10k
avax,0x6e1f3c7a2f2d388bda44b311236aff244bf68904,WAVAX,MOCKA,1.2637051602986491e-05,holds < $10k
cronos,0xa4cb8ba61b794ce2b68850c201b84814a1ffa33b,EMPIRE,USDC,2.00203123893046e-06,holds < $10k
cronos,0x5188804c244afa118a860ebba75dfad3c2ccdd76,CROISSANT,WCRO,1.6156228968063503e-10,holds < $10k
bsc,0x6649f92278cffa7d5a9f6a3b0e9533eb4e943144,AKA21,WBNB,7.971931029816225e-11,holds < $10k
avax,0x44e12ca76960c516b3bd01509787af67a9437661,EMP-LP,WAVAX,8.315179954756796e-15,holds < $10k
xdai,0xcc816d4874b2dc2e6eeb474e575a7415720b1ee9,WXDAI,EMP-LP,6.316559283919142e-15,holds < $10k
bsc,0xba05498d6915c67e6171f6fdcec08cb6c87600b1,NJOY,WBNB,1.2176092115432896e-15,holds < $10k
bsc,0x2f855b1c942f361bd75db4d47e979a508870a679,FF,WBNB,0.0,holds < $10k
bsc,0xda43e667769dfeb57e3e7f981f224465af3276dd,EMPIRE,WBNB,0.0,holds < $10k
bsc,0xcc296f7956fbff41cdab5ad868a2146a1c7824b2,EMPIRE,WBNB,0.0,holds < $10k
bsc,0xc500ec4d1e0ea80af0236ef02d889b6d881ff204,EMPIRE,WBNB,0.0,holds < $10k
bsc,0x7cc694f1f4d9fddabb7f7942b83a3bbd2fcb0a22,WBNB,EMPIRE,0.0,holds < $10k
fantom,0x0e3fe2a0528d94abd885716e6daacb8860235761,WFTM,testFDEX,0.0,holds < $10k
fantom,0x1808f13319ab4236f2748e1f693e7c87cc327fb6,e,WFTM,0.0,holds < $10k
fantom,0x93962674268d1218d7574e0222694c7127018561,WFTM,EMPIRE,0.0,holds < $10k
avax,0xa158366d99e90484902fc00048a0bda715153382,WAVAX,EMPIRE,0.0,holds < $10k
polygon,0x928bd369f854d34f7b942859a1769071063fa7c9,WPOL,EMPIRE,0.0,holds < $10k
xdai,0x5d565e314b42de3e8239b9ce1655194931fdd9ba,EMPIRE,WXDAI,0.0,holds < $10k
cronos,0x1259df716a244e1b611e65bd75ca3b625e8bd3f4,WCRO,test,0.0,holds < $10k
cronos,0x3a839ea0e3e7d97b713844d038ef7c4abbdca0d3,WCRO,DADDY,0.0,holds < $10k
cronos,0xb91f9daeeef053e8bbcc69e4e63c964b30424aad,WCRO,EMPIRE,0.0,holds < $10k
cronos,0xb51fbf360ad2292b84fe6b6a10df862de1ab6343,WCRO,EMPIRE,0.0,holds < $10k
kava,0x7201e49e96d903ffed8e6db353c30c993f6af910,WKAVA,EMPIRE,0.0,holds < $10k
bsc,0x6688349f8e74c03c422f79254e8126280be5e484,EMPIRE,EMP-LP,,unpriced by DefiLlama; reserves inspected manually and are dust (see below)
bsc,0xadb7a32bbc7eef58ca1a60ca1256f028603b01c9,bPRISM,EMPIRE,,unpriced by DefiLlama; reserves inspected manually and are dust (see below)
bsc,0x272f05b7c13bc1a1ef561c004dfe510d051c7bcc,EMPIRE,DOLPH,,unpriced by DefiLlama; reserves inspected manually and are dust (see below)
bsc,0x21e27c5da72d5653ea65af7d2b63ec1c78aff21e,bPRISM,DOLPH,,unpriced by DefiLlama; reserves inspected manually and are dust (see below)
bsc,0x47d2db6885017c9ca4eb72fcdd358d9c16515fed,ADMC,EMPIRE,,unpriced by DefiLlama; reserves inspected manually and are dust (see below)
bsc,0xda8158e10a3281dc17af4a04dd6735710db4427f,NJOY,EMPIRE,,unpriced by DefiLlama; reserves inspected manually and are dust (see below)
bsc,0x9ca805abca2af73813cae56b782d6dd91dff89a4,EMPIRE,MetaBC,,unpriced by DefiLlama; reserves inspected manually and are dust (see below)
bsc,0xb496aa58e1060e9cafefd5a4bf719aaf9f4fd5e1,ADMC,ECC,,unpriced by DefiLlama; reserves inspected manually and are dust (see below)
fantom,0x1218a2f1ce880c01d174c6b1aeb7f2115a152fa1,USDC,ELITE,,unpriced by DefiLlama; reserves inspected manually and are dust (see below)
fantom,0xb7f9f3450e975ecbca458a83a940d14bb48cfe31,EMP-LP,eFDEX,,unpriced by DefiLlama; reserves inspected manually and are dust (see below)
fantom,0xb773731f5c2425167edf2384fca215f02565ddde,eFDEX,fPRISM,,unpriced by DefiLlama; reserves inspected manually and are dust (see below)
fantom,0x2e8fba70d5d475d2653be689931786d36d0cfa1c,ETH,fPRISM,,unpriced by DefiLlama; reserves inspected manually and are dust (see below)
avax,0xe4b37ef0add9a7532ac513d4637d8fc0f4129d44,EMP-LP,eADEX,,unpriced by DefiLlama; reserves inspected manually and are dust (see below)
avax,0xed3915ee1587595e81ada81d82c298122b4ae8a9,aPRISM,eADEX,,unpriced by DefiLlama; reserves inspected manually and are dust (see below)
avax,0x96be123af00673182082c342c82aadf5bb9299a4,OcDa,SMRT,,unpriced by DefiLlama; reserves inspected manually and are dust (see below)
avax,0xd26614ab3971fb94b9f000f14e7cc3d463c585d1,OcDa,SING,,unpriced by DefiLlama; reserves inspected manually and are dust (see below)
avax,0x048f809f407f0f6fc4ff8708bb281fd8b4007847,eADEX,SING,,unpriced by DefiLlama; reserves inspected manually and are dust (see below)
avax,0xa8901ac09cc2a04379cc8d7792ba59289204c461,eADEX,SMRT,,unpriced by DefiLlama; reserves inspected manually and are dust (see below)
polygon,0xb773731f5c2425167edf2384fca215f02565ddde,PDEX,pPRISM,,unpriced by DefiLlama; reserves inspected manually and are dust (see below)
polygon,0x78fb682998adbf7d9a7606aaf762ed23e466dbfa,EMP-LP,PDEX,,unpriced by DefiLlama; reserves inspected manually and are dust (see below)
polygon,0x7e9b593e03cb01bbcec3b6b87aca8657f8936fb8,HDLR,PDEX,,unpriced by DefiLlama; reserves inspected manually and are dust (see below)
polygon,0xbc2bc26592ae68a2accbce11ec96c35a25c8319f,nCROCARMS,cMATICalpha,,unpriced by DefiLlama; reserves inspected manually and are dust (see below)
xdai,0xb773731f5c2425167edf2384fca215f02565ddde,XDEX,xPRISM,,unpriced by DefiLlama; reserves inspected manually and are dust (see below)
xdai,0xd70a028b42132e55d1c3c6a1890e9c478d559c24,XDEX,EMP-LP,,unpriced by DefiLlama; reserves inspected manually and are dust (see below)
cronos,0xe973711fecc41d6a2d88548dac37b43bbe65c1ed,EMPIRE,EMP-LP,,unpriced by DefiLlama; reserves inspected manually and are dust (see below)
cronos,0xa729236bc8f683667cdd551ffc8e4c168a7a9540,EMPIRE,croPRISM,,unpriced by DefiLlama; reserves inspected manually and are dust (see below)
cronos,0x9ae1773fcf688c52114b074a2f9fb6167be4b59c,DNA,DBOND,,unpriced by DefiLlama; reserves inspected manually and are dust (see below)
